pais_codigo,pais,ano,valor
BRA,Brazil,2025,2.2857464902475
BRA,Brazil,2024,3.41931516501906
BRA,Brazil,2023,3.24165532906981
BRA,Brazil,2022,3.01669435393015
BRA,Brazil,2021,4.76260437908608
BRA,Brazil,2020,-3.2767587964736
BRA,Brazil,2019,1.22077782360842
BRA,Brazil,2018,1.783666761634
BRA,Brazil,2017,1.32286905404399
BRA,Brazil,2016,-3.27591690782192
BRA,Brazil,2015,-3.54576339269425
BRA,Brazil,2014,0.503955740242247
BRA,Brazil,2013,3.00482266944432
BRA,Brazil,2012,1.92117598576537
BRA,Brazil,2011,3.97442307944702
BRA,Brazil,2010,7.52822581815364
BRA,Brazil,2009,-0.125812002161169
BRA,Brazil,2008,5.09419544658736
BRA,Brazil,2007,6.06987060678338
BRA,Brazil,2006,3.96198871122617
BRA,Brazil,2005,3.20213206130431
BRA,Brazil,2004,5.75996463670954
BRA,Brazil,2003,1.14082899824888
BRA,Brazil,2002,3.05346185909312
BRA,Brazil,2001,1.38989640095637
BRA,Brazil,2000,4.38794944745618
BRA,Brazil,1999,0.467937566477133
BRA,Brazil,1998,0.338097901207306
BRA,Brazil,1997,3.39484598630671
BRA,Brazil,1996,2.20886405039022
BRA,Brazil,1995,4.22379363350413
BRA,Brazil,1994,5.85287036219013
BRA,Brazil,1993,4.9246900037071
BRA,Brazil,1992,-0.54407204977727
BRA,Brazil,1991,1.03218958549303
BRA,Brazil,1990,-4.35000000000022
BRA,Brazil,1989,3.16000000000032
BRA,Brazil,1988,-0.059999999999917
BRA,Brazil,1987,3.52999999999983
BRA,Brazil,1986,7.48999999999982
BRA,Brazil,1985,7.85000000000042
BRA,Brazil,1984,5.39999999999988
BRA,Brazil,1983,-2.92999999999996
BRA,Brazil,1982,0.829999999999529
BRA,Brazil,1981,-4.24999999999956
BRA,Brazil,1980,9.19999999999976
BRA,Brazil,1979,6.7595601220408
BRA,Brazil,1978,4.96989768924738
BRA,Brazil,1977,4.93432806978961
BRA,Brazil,1976,10.2571295347867
CHN,China,2025,4.95994886240992
CHN,China,2024,4.95830378788091
CHN,China,2023,5.41600334492955
CHN,China,2022,3.13385438394069
CHN,China,2021,8.57038414981781
CHN,China,2020,2.33950385203023
CHN,China,2019,6.06737806333672
CHN,China,2018,6.757806142324
CHN,China,2017,6.89123916636191
CHN,China,2016,6.7736886867727
CHN,China,2015,6.98162255562367
CHN,China,2014,7.46100735778161
CHN,China,2013,7.77842954757257
CHN,China,2012,7.8578201481217
CHN,China,2011,9.46205248298186
CHN,China,2010,10.5916903885704
CHN,China,2009,9.40610014336416
CHN,China,2008,9.66877608164454
CHN,China,2007,14.1507710506103
CHN,China,2006,12.6752842281595
CHN,China,2005,11.4535130030645
CHN,China,2004,10.1404291872206
CHN,China,2003,10.1138119025242
CHN,China,2002,9.23604870383861
CHN,China,2001,8.32404695347056
CHN,China,2000,8.57357328926101
CHN,China,1999,7.74123827728161
CHN,China,1998,7.92354535108497
CHN,China,1997,9.29759460595947
CHN,China,1996,9.97328781228394
CHN,China,1995,11.0154136659719
CHN,China,1994,13.0827122987906
CHN,China,1993,13.9261028311995
CHN,China,1992,14.2976226152779
CHN,China,1991,9.37563237902144
CHN,China,1990,3.9225195692421
CHN,China,1989,4.20785693658392
CHN,China,1988,11.2209115803492
CHN,China,1987,11.6552658383921
CHN,China,1986,8.9437463904392
CHN,China,1985,13.4284820016509
CHN,China,1984,15.1921349118079
CHN,China,1983,10.7718383060041
CHN,China,1982,9.02434347373044
CHN,China,1981,5.11486309071954
CHN,China,1980,7.84141706847441
CHN,China,1979,7.59480175999998
CHN,China,1978,11.3269542129809
CHN,China,1977,7.57000000138403
CHN,China,1976,-1.57000000165326
DEU,Germany,2025,0.239578342117881
DEU,Germany,2024,-0.495851897260366
DEU,Germany,2023,-0.869647578573321
DEU,Germany,2022,1.8092581243061
DEU,Germany,2021,3.90999994204108
DEU,Germany,2020,-4.13191443239947
DEU,Germany,2019,0.977734697038784
DEU,Germany,2018,1.13569604599849
DEU,Germany,2017,2.797906720551
DEU,Germany,2016,2.22222216259371
DEU,Germany,2015,1.66300602334775
DEU,Germany,2014,2.18018602168017
DEU,Germany,2013,0.396995583779145
DEU,Germany,2012,0.463512036709204
DEU,Germany,2011,3.75796884489337
DEU,Germany,2010,4.13463778522758
DEU,Germany,2009,-5.54455451920674
DEU,Germany,2008,0.887902330743628
DEU,Germany,2007,2.8891174138025
DEU,Germany,2006,3.86668241523209
DEU,Germany,2005,0.885485292551564
DEU,Germany,2004,1.16208684507278
DEU,Germany,2003,-0.529801394291297
DEU,Germany,2002,-0.228255715793637
DEU,Germany,2001,1.63614170690956
DEU,Germany,2000,2.8765231247659
DEU,Germany,1999,2.12957016297766
DEU,Germany,1998,2.09561231172233
DEU,Germany,1997,1.85432238398302
DEU,Germany,1996,1.0378755674358
DEU,Germany,1995,1.50499384201356
DEU,Germany,1994,2.59685569693275
DEU,Germany,1993,-0.973033082340891
DEU,Germany,1992,2.01361340926105
DEU,Germany,1991,5.10826150190911
DEU,Germany,1990,5.25500610110028
DEU,Germany,1989,3.89655170553733
DEU,Germany,1988,3.70723567991882
DEU,Germany,1987,1.4021515883601
DEU,Germany,1986,2.28733925852798
DEU,Germany,1985,2.32793520067574
DEU,Germany,1984,2.82294783585535
DEU,Germany,1983,1.57241014192158
DEU,Germany,1982,-0.394840735634787
DEU,Germany,1981,0.529240541969116
DEU,Germany,1980,1.40882864441943
DEU,Germany,1979,4.15036333786591
DEU,Germany,1978,3.00849288842491
DEU,Germany,1977,3.34721808033223
DEU,Germany,1976,4.94925843456397
FRA,France,2025,0.840949955479587
FRA,France,2024,1.19046798275883
FRA,France,2023,1.43921494437743
FRA,France,2022,2.71676264185913
FRA,France,2021,6.88233783360239
FRA,France,2020,-7.44064589948231
FRA,France,2019,2.02744646419237
FRA,France,2018,1.64590872395887
FRA,France,2017,2.08361485997399
FRA,France,2016,0.860031075424033
FRA,France,2015,1.06675474783462
FRA,France,2014,0.997832947295251
FRA,France,2013,0.781756446231
FRA,France,2012,0.183835264973013
FRA,France,2011,2.43757653729007
FRA,France,2010,2.00032476039051
FRA,France,2009,-2.82455153714783
FRA,France,2008,0.380171435849121
FRA,France,2007,2.53048188351066
FRA,France,2006,2.71406448755236
FRA,France,2005,1.88856584109286
FRA,France,2004,2.86825052501032
FRA,France,2003,0.967827182558352
FRA,France,2002,1.06775027069419
FRA,France,2001,1.89946701186636
FRA,France,2000,4.14099996402915
FRA,France,1999,3.39930808809441
FRA,France,1998,3.45259434279616
FRA,France,1997,2.5270616339357
FRA,France,1996,1.39707987198881
FRA,France,1995,2.30479278392259
FRA,France,1994,2.38366086110145
FRA,France,1993,-0.35899781051468
FRA,France,1992,1.5160611169627
FRA,France,1991,1.23666248297356
FRA,France,1990,2.82962715326478
FRA,France,1989,4.40516927190527
FRA,France,1988,4.81422400170246
FRA,France,1987,2.55274621143047
FRA,France,1986,2.38953554470334
FRA,France,1985,1.56907436604108
FRA,France,1984,1.60947146551595
FRA,France,1983,1.26205761797051
FRA,France,1982,2.44251268690125
FRA,France,1981,1.18831474293866
FRA,France,1980,1.67641337198611
FRA,France,1979,3.69531078677157
FRA,France,1978,3.94936216342872
FRA,France,1977,3.55415568976466
FRA,France,1976,4.33755647481964
GBR,United Kingdom,2025,1.38844207858726
GBR,United Kingdom,2024,1.08027716858781
GBR,United Kingdom,2023,0.271650048355255
GBR,United Kingdom,2022,5.14970388522993
GBR,United Kingdom,2021,8.5431118453255
GBR,United Kingdom,2020,-10.047896637362
GBR,United Kingdom,2019,1.25629899760824
GBR,United Kingdom,2018,1.55133095078786
GBR,United Kingdom,2017,3.02322219840339
GBR,United Kingdom,2016,2.20652020635357
GBR,United Kingdom,2015,2.14040560033371
GBR,United Kingdom,2014,3.16017351468152
GBR,United Kingdom,2013,1.71846961308464
GBR,United Kingdom,2012,1.52826034721852
GBR,United Kingdom,2011,0.851437739020326
GBR,United Kingdom,2010,2.26054460931586
GBR,United Kingdom,2009,-4.58740819226323
GBR,United Kingdom,2008,-0.0494116727402769
GBR,United Kingdom,2007,2.93091133582351
GBR,United Kingdom,2006,2.18982132415704
GBR,United Kingdom,2005,2.7906547174688
GBR,United Kingdom,2004,2.32601853325993
GBR,United Kingdom,2003,3.21851612669614
GBR,United Kingdom,2002,1.70902736258567
GBR,United Kingdom,2001,2.39102229602824
GBR,United Kingdom,2000,4.52438074810904
GBR,United Kingdom,1999,2.94445869854798
GBR,United Kingdom,1998,3.24631482881618
GBR,United Kingdom,1997,4.8799853038024
GBR,United Kingdom,1996,2.61491606949487
GBR,United Kingdom,1995,3.53339096338078
GBR,United Kingdom,1994,4.95341092800692
GBR,United Kingdom,1993,3.49048744653493
GBR,United Kingdom,1992,1.29472849604493
GBR,United Kingdom,1991,-1.29243974751705
GBR,United Kingdom,1990,0.779266119883417
GBR,United Kingdom,1989,2.28144671930745
GBR,United Kingdom,1988,5.0321018040183
GBR,United Kingdom,1987,4.56208082572655
GBR,United Kingdom,1986,4.01232987098167
GBR,United Kingdom,1985,3.59938143817158
GBR,United Kingdom,1984,2.67092491032817
GBR,United Kingdom,1983,3.62434641923983
GBR,United Kingdom,1982,2.09306886432368
GBR,United Kingdom,1981,-1.3234581733779
GBR,United Kingdom,1980,-2.17910220206564
GBR,United Kingdom,1979,2.74677219709527
GBR,United Kingdom,1978,3.40337382855367
GBR,United Kingdom,1977,2.36335094409922
GBR,United Kingdom,1976,2.80465599545295
IND,India,2025,7.56666179284244
IND,India,2024,7.09927893176518
IND,India,2023,7.210224629335
IND,India,2022,7.6093649776932
IND,India,2021,9.68959249191741
IND,India,2020,-5.77772470687303
IND,India,2019,3.87143694070524
IND,India,2018,6.45385134495295
IND,India,2017,6.79538341902422
IND,India,2016,8.25630550176662
IND,India,2015,7.99625378567987
IND,India,2014,7.41022760516977
IND,India,2013,6.38610640091713
IND,India,2012,5.45638755164772
IND,India,2011,5.24131620024293
IND,India,2010,8.49758470165625
IND,India,2009,7.8618888330338
IND,India,2008,3.08669805950082
IND,India,2007,7.66081506510766
IND,India,2006,8.06073257305057
IND,India,2005,7.92343062131789
IND,India,2004,7.92293661307978
IND,India,2003,7.86038147545045
IND,India,2002,3.80397532120038
IND,India,2001,4.82396626397303
IND,India,2000,3.84099115686554
IND,India,1999,8.84575556114116
IND,India,1998,6.18441582080355
IND,India,1997,4.04982084902483
IND,India,1996,7.54952224888829
IND,India,1995,7.57449184027195
IND,India,1994,6.65892406747307
IND,India,1993,4.7507762195799
IND,India,1992,5.48239602167003
IND,India,1991,1.05683143296179
IND,India,1990,5.53345456306495
IND,India,1989,5.94734332826503
IND,India,1988,9.62778291984834
IND,India,1987,3.96535563390576
IND,India,1986,4.77656417048946
IND,India,1985,5.25429922330889
IND,India,1984,3.8207378559735
IND,India,1983,7.28889290124586
IND,India,1982,3.47573324031237
IND,India,1981,6.00620362381767
IND,India,1980,6.7358215279985
IND,India,1979,-5.2381827027895
IND,India,1978,5.71253208900188
IND,India,1977,7.25476458583569
IND,India,1976,1.66310363661279
JPN,Japan,2025,1.19311288444599
JPN,Japan,2024,-0.240084236041696
JPN,Japan,2023,0.720785304749811
JPN,Japan,2022,1.33164750653741
JPN,Japan,2021,3.56419531474475
JPN,Japan,2020,-4.28327942675573
JPN,Japan,2019,-0.308496921143259
JPN,Japan,2018,0.834143845965585
JPN,Japan,2017,1.62345062245441
JPN,Japan,2016,0.704986495111257
JPN,Japan,2015,1.79997735783475
JPN,Japan,2014,0.905915486065865
JPN,Japan,2013,1.99727653399265
JPN,Japan,2012,1.64893452981225
JPN,Japan,2011,-0.20035785332982
JPN,Japan,2010,4.13645589222239
JPN,Japan,2009,-5.9359411383964
JPN,Japan,2008,-1.16662209355141
JPN,Japan,2007,1.72837912865577
JPN,Japan,2006,1.54630843078741
JPN,Japan,2005,1.8482813374834
JPN,Japan,2004,2.11294823723127
JPN,Japan,2003,1.38010935830795
JPN,Japan,2002,0.0849888050363319
JPN,Japan,2001,0.284608556379041
JPN,Japan,2000,2.97832688768516
JPN,Japan,1999,-0.347600398675738
JPN,Japan,1998,-1.77264091037956
JPN,Japan,1997,1.36297109407448
JPN,Japan,1996,3.07546731409349
JPN,Japan,1995,2.34205546196849
JPN,Japan,1994,0.99306636322622
JPN,Japan,1993,-0.517919847117952
JPN,Japan,1992,0.848069581218368
JPN,Japan,1991,3.41749676183089
JPN,Japan,1990,4.89271306574565
JPN,Japan,1989,4.85803768615389
JPN,Japan,1988,6.78502010955764
JPN,Japan,1987,4.73066586040017
JPN,Japan,1986,3.32652561623384
JPN,Japan,1985,5.23338094687848
JPN,Japan,1984,4.50199481622435
JPN,Japan,1983,3.52304498510377
JPN,Japan,1982,3.31245673740017
JPN,Japan,1981,4.20933646523171
JPN,Japan,1980,2.81759120738283
JPN,Japan,1979,5.4840418324284
JPN,Japan,1978,5.27194150317187
JPN,Japan,1977,4.39033795009327
JPN,Japan,1976,3.97498409113672
USA,United States,2025,2.16138195623856
USA,United States,2024,2.79318715363841
USA,United States,2023,2.93436322440155
USA,United States,2022,2.52421385073222
USA,United States,2021,6.15202247867526
USA,United States,2020,-2.081375977796
USA,United States,2019,2.58382533052225
USA,United States,2018,2.96650506701943
USA,United States,2017,2.45762230126449
USA,United States,2016,1.81945147909089
USA,United States,2015,2.94555045227337
USA,United States,2014,2.52381981757846
USA,United States,2013,2.11783009443471
USA,United States,2012,2.28911339009767
USA,United States,2011,1.56440685205419
USA,United States,2010,2.69519258673525
USA,United States,2009,-2.5765002366652
USA,United States,2008,0.113587247501258
USA,United States,2007,2.0038583039496
USA,United States,2006,2.78453963674239
USA,United States,2005,3.48354993710312
USA,United States,2004,3.84777169267127
USA,United States,2003,2.79560596378604
USA,United States,2002,1.70044733078285
USA,United States,2001,0.955538337599847
USA,United States,2000,4.07758575997799
USA,United States,1999,4.78842504836746
USA,United States,1998,4.48313335499124
USA,United States,1997,4.44712793442667
USA,United States,1996,3.77277269047364
USA,United States,1995,2.68443073970295
USA,United States,1994,4.02902272637739
USA,United States,1993,2.75179586314481
USA,United States,1992,3.52249717254271
USA,United States,1991,-0.108312873733027
USA,United States,1990,1.88596557755378
USA,United States,1989,3.67223784138015
USA,United States,1988,4.17698239478443
USA,United States,1987,3.45462966441372
USA,United States,1986,3.46265504522061
USA,United States,1985,4.16957535422245
USA,United States,1984,7.2364531665454
USA,United States,1983,4.58379096944093
USA,United States,1982,-1.80301377321203
USA,United States,1981,2.53770127042986
USA,United States,1980,-0.256775739391401
USA,United States,1979,3.16598822512103
USA,United States,1978,5.53520648057204
USA,United States,1977,4.62418650079432
USA,United States,1976,5.38803390614694
