pais_codigo,pais,ano,pib,crescimento,pib_per_capita,pib_anterior,variacao_pib,log_pib
BRA,Brazil,1976,153168949208.207,10.2571295347867,1389.74952306555,,,25.75480739230168
BRA,Brazil,1977,176344101401.941,4.93432806978961,1562.29143045708,153168949208.207,0.15130450599508483,25.895703044823765
BRA,Brazil,1978,200278646123.581,4.96989768924738,1732.50012204556,176344101401.941,0.1357263698153759,26.0229754644671
BRA,Brazil,1979,221338204480.222,6.7595601220408,1869.7133759549,200278646123.581,0.1051512917839792,26.122957705706334
BRA,Brazil,1980,237393489892.637,9.19999999999976,1958.57159232662,221338204480.222,0.07253734370041687,26.19298489622128
BRA,Brazil,1981,258015174748.648,-4.24999999999956,2079.70908377484,237393489892.637,0.08686710349697169,26.27628423699361
BRA,Brazil,1982,271314113768.417,0.829999999999529,2137.6250359394,258015174748.648,0.051543243658922266,26.32654307799468
BRA,Brazil,1983,189656506321.431,-2.92999999999996,1461.25582714178,271314113768.417,-0.30097073208910063,25.968480411486947
BRA,Brazil,1984,188339974086.58,5.39999999999988,1419.73154606978,189656506321.431,-0.006941666597083396,25.961514539439808
BRA,Brazil,1985,210879844638.877,7.85000000000042,1556.1297180511,188339974086.58,0.1196765087263707,26.07455435153265
BRA,Brazil,1986,256480852471.129,7.48999999999982,1854.03775211919,210879844638.877,0.21624166079191598,26.27031984953548
BRA,Brazil,1987,283056836893.838,3.52999999999983,2006.00226235757,256480852471.129,0.10361781071240217,26.368913551505283
BRA,Brazil,1988,307881930752.268,-0.059999999999917,2140.65027561164,283056836893.838,0.08770356558368797,26.452982204712352
BRA,Brazil,1989,412990820287.42,3.16000000000032,2818.99277980122,307881930752.268,0.341393498729635,26.74669120275345
BRA,Brazil,1990,384959818181.817,-4.35000000000022,2581.14187449078,412990820287.42,-0.0678731844114473,26.67640479742852
BRA,Brazil,1991,342534090909.091,1.03218958549303,2257.6092968885,384959818181.817,-0.11020819646347679,26.55963702519636
BRA,Brazil,1992,328191909882.232,-0.54407204977727,2127.31642731638,342534090909.091,-0.04187081346792265,26.516864365335856
BRA,Brazil,1993,368292034380.96,4.9246900037071,2348.88247685352,328191909882.232,0.12218498778083076,26.63214203209121
BRA,Brazil,1994,525369467295.737,5.85287036219013,3298.71250747787,368292034380.96,0.4265023900905134,26.987367599254046
BRA,Brazil,1995,769333050986.905,4.22379363350413,4756.74840785403,525369467295.737,0.46436574425791277,27.3687898089048
BRA,Brazil,1996,850426432991.742,2.20886405039022,5179.13052002464,769333050986.905,0.10540738097864089,27.469003746501127
BRA,Brazil,1997,883206179730.462,3.39484598630671,5299.39630404412,850426432991.742,0.03854507041062116,27.506824509422188
BRA,Brazil,1998,863710759256.435,0.338097901207306,5105.89099544117,883206179730.462,-0.022073464748601057,27.484503780323564
BRA,Brazil,1999,599642024319.531,0.467937566477133,3493.57162513699,863710759256.435,-0.3057374614208114,27.119598687976247
BRA,Brazil,2000,655448231983.527,4.38794944745618,3766.54811466032,599642024319.531,0.09306587163787339,27.208585162177982
BRA,Brazil,2001,559983634798.981,1.38989640095637,3176.28935747524,655448231983.527,-0.1456478063807567,27.051173396675342
BRA,Brazil,2002,509795273806.715,3.05346185909312,2855.94018885769,559983634798.981,-0.08962469235423676,26.957275058164235
BRA,Brazil,2003,558233745651.874,1.14082899824888,3090.6070097455,509795273806.715,0.0950155372831567,27.04804361063172
BRA,Brazil,2004,669289424806.307,5.75996463670954,3663.823188064,558233745651.874,0.19894117834948943,27.229482426549136
BRA,Brazil,2005,891633839894.183,3.20213206130431,4827.78173074714,669289424806.307,0.33220966423042264,27.516321391858774
BRA,Brazil,2006,1107626541434.92,3.96198871122617,5934.14470924968,891633839894.183,0.2422437236863626,27.733240590970663
BRA,Brazil,2007,1397114486368.67,6.06987060678338,7409.69130673473,1107626541434.92,0.2613588010979955,27.965430144433693
BRA,Brazil,2008,1695855083497.52,5.09419544658736,8908.33176538648,1397114486368.67,0.21382685531042345,28.15920820359655
BRA,Brazil,2009,1666996438581.43,-0.125812002161169,8678.6592244676,1695855083497.52,-0.017017164495312986,28.142044583271066
BRA,Brazil,2010,2208837745100.55,7.52822581815364,11403.2821278747,1666996438581.43,0.3250404703804961,28.423487585926196
BRA,Brazil,2011,2616156223917.69,3.97442307944702,13396.6243562986,2208837745100.55,0.1844039833711726,28.592727266363383
BRA,Brazil,2012,2465227802806.76,1.92117598576537,12521.7213519966,2616156223917.69,-0.05769090535614696,28.533305334084954
BRA,Brazil,2013,2472819535557.21,3.00482266944432,12458.8912138813,2465227802806.76,0.00307952585225868,28.53638012790992
BRA,Brazil,2014,2456043727198.85,0.503955740242247,12274.9939689363,2472819535557.21,-0.006784081133757169,28.52957293028901
BRA,Brazil,2015,1802212206814.5,-3.54576339269425,8936.19661712113,2456043727198.85,-0.26621330603508986,28.22003603000956
BRA,Brazil,2016,1795693482853.01,-3.27591690782192,8836.28652735657,1802212206814.5,-0.0036170679217694124,28.216412404680447
BRA,Brazil,2017,2063514977365.65,1.32286905404399,10080.5092819305,1795693482853.01,0.14914655372426,28.355431944346606
BRA,Brazil,2018,1916933898010.99,1.783666761634,9300.66164923219,2063514977365.65,-0.07103465735043513,28.28174809740014
BRA,Brazil,2019,1873288205059.69,1.22077782360842,9029.83326681073,1916933898010.99,-0.022768491389602352,28.258716401050087
BRA,Brazil,2020,1476107231310.49,-3.2767587964736,7074.19378337644,1873288205059.69,-0.2120234209965275,28.020429489407306
BRA,Brazil,2021,1670647398904.9,4.76260437908608,7972.5366498646,1476107231310.49,0.13179270683586908,28.144232331249842
BRA,Brazil,2022,1951923942083.32,3.01669435393015,9281.33334441234,1670647398904.9,0.16836379918515143,28.29983663906367
BRA,Brazil,2023,2191131765684.63,3.24165532906981,10377.5892792557,1951923942083.32,0.12254976663998463,28.415439314251884
BRA,Brazil,2024,2185821610689.31,3.41931516501906,10310.5486973693,2191131765684.63,-0.002423475885148574,28.413012896995866
BRA,Brazil,2025,2279920092492.13,2.2857464902475,10713.2856869511,2185821610689.31,0.043049479126132884,28.455161511128157
CHN,China,1976,154196810058.643,-1.57000000165326,165.680987722637,,,25.76149561082303
CHN,China,1977,175226595859.778,7.57000000138403,185.728620718294,154196810058.643,0.13638275521482646,25.88934580678043
CHN,China,1978,149788617886.179,11.3269542129809,156.655616850835,175226595859.778,-0.14517190069682873,25.732490923074515
CHN,China,1979,178573913043.478,7.59480175999998,184.285853059043,149788617886.179,0.19217278030545892,25.908268431134136
CHN,China,1980,191487500000.0,7.84141706847441,195.149479992051,178573913043.478,0.07231508083365945,25.978088369285224
CHN,China,1981,196218253968.254,5.11486309071954,197.425510967822,191487500000.0,0.02470528869118871,26.00249341730476
CHN,China,1982,205480916030.534,9.02434347373044,203.722788366928,196218253968.254,0.047205914204998534,26.04861900053892
CHN,China,1983,231130268199.234,10.7718383060041,225.86534696156,205480916030.534,0.12482595787576001,26.166247320116952
CHN,China,1984,260442857142.857,15.1921349118079,251.192686463827,231130268199.234,0.12682280504410426,26.285649315700518
CHN,China,1985,310064625850.34,13.4284820016509,295.007445815897,260442857142.857,0.19052843012033427,26.46004658318362
CHN,China,1986,301310144927.536,8.9437463904392,282.445603096707,310064625850.34,-0.02823437500745274,26.431405953035362
CHN,China,1987,273455156950.673,11.6552658383921,252.256760114454,301310144927.536,-0.09244623337711388,26.334403485404568
CHN,China,1988,312888888888.889,11.2209115803492,284.023573149686,273455156950.673,0.14420547916501425,26.469113976888124
CHN,China,1989,348380566801.619,4.20785693658392,311.429461227032,312888888888.889,0.11343220923812858,26.57656130195812
CHN,China,1990,361560229445.507,3.9225195692421,318.50335359039,348380566801.619,0.03783122223172963,26.61369447447512
CHN,China,1991,384510452961.672,9.37563237902144,334.130288119078,361560229445.507,0.06347551983624333,26.675236811378685
CHN,China,1992,428502354788.069,14.2976226152779,367.822651903542,384510452961.672,0.1144101583911481,26.783562070390545
CHN,China,1993,446557291212.148,13.9261028311995,378.939353053314,428502354788.069,0.04213497597465654,26.82483354081704
CHN,China,1994,566929539493.172,13.0827122987906,475.677874448369,446557291212.148,0.2695561144109462,27.063500863980657
CHN,China,1995,738190896227.55,11.0154136659719,612.680277898627,566929539493.172,0.3020857880989647,27.32746829507335
CHN,China,1996,868523936530.083,9.97328781228394,713.337387811657,738190896227.55,0.17655736608049044,27.49006098301932
CHN,China,1997,967753570434.667,9.29759460595947,786.743548510999,868523936530.083,0.11425089134678901,27.598243315815772
CHN,China,1998,1037134141760.35,7.92354535108497,835.095348597432,967753570434.667,0.07169239509446679,27.667482392413262
CHN,China,1999,1103843203575.64,7.74123827728161,881.146614068925,1037134141760.35,0.06432057255589263,27.72981902795014
CHN,China,2000,1223754919971.05,8.57357328926101,969.199513696287,1103843203575.64,0.10863111355578803,27.832945051188403
CHN,China,2001,1355036590251.52,8.32404695347056,1065.40597574519,1223754919971.05,0.107277746661542,27.934849573771274
CHN,China,2002,1489821682050.54,9.23604870383861,1163.55957673426,1355036590251.52,0.09946970640401775,28.029677552247968
CHN,China,2003,1683903309843.85,10.1138119025242,1306.97245408557,1489821682050.54,0.13027171649575053,28.15213561314293
CHN,China,2004,1984196551300.44,10.1404291872206,1530.92726215723,1683903309843.85,0.1783316415503906,28.316235188080086
CHN,China,2005,2317551298052.05,11.4535130030645,1777.64496828464,1984196551300.44,0.16800490179923444,28.471532269223236
CHN,China,2006,2791498472804.33,12.6752842281595,2129.25696999613,2317551298052.05,0.20450342357066398,28.65759965460885
CHN,China,2007,3604055822571.63,14.1507710506103,2734.72709877693,2791498472804.33,0.29108285663900335,28.913080944614517
CHN,China,2008,4667346414521.95,9.66877608164454,3523.44302065213,3604055822571.63,0.2950261162136003,29.171611806522975
CHN,China,2009,5189577094997.58,9.40610014336416,3898.24459158811,4667346414521.95,0.11189027642147265,29.277673325200087
CHN,China,2010,6192564874453.29,10.5916903885704,4629.24551710077,5189577094997.58,0.1932696559075162,29.454370474549485
CHN,China,2011,7671757207851.29,9.46205248298186,5703.76027973346,6192564874453.29,0.2388658598475466,29.66856680648276
CHN,China,2012,8673664713189.24,7.8578201481217,6405.0574241349,7671757207851.29,0.13059687346630255,29.791312506362353
CHN,China,2013,9743124247267.24,7.77842954757257,7147.03518622344,8673664713189.24,0.12329961664897793,29.907582946755518
CHN,China,2014,10674533168257.4,7.46100735778161,7781.06597484974,9743124247267.24,0.0955965352952779,29.99888194277621
CHN,China,2015,11280814787468.9,6.98162255562367,8175.33285077393,10674533168257.4,0.05679701488158617,30.05412459232143
CHN,China,2016,11456024084962.0,6.7736886867727,8254.86859320357,11280814787468.9,0.015531617245212459,30.06953682853307
CHN,China,2017,12537559062282.9,6.89123916636191,8979.67652709856,11456024084962.0,0.09440753347757025,30.159749980055587
CHN,China,2018,14147765772963.8,6.757806142324,10085.6638148819,12537559062282.9,0.1284306381076148,30.280577831647307
CHN,China,2019,14560167101283.4,6.06737806333672,10342.9009524335,14147765772963.8,0.029149572797401824,30.309310635367726
CHN,China,2020,14996414166715.1,2.33950385203023,10627.4637989619,14560167101283.4,0.029961679862399837,30.3388322329001
CHN,China,2021,18201698719564.0,8.57038414981781,12887.4357242941,14996414166715.1,0.21373673180906838,30.532536041895522
CHN,China,2022,18316765021690.2,3.13385438394069,12970.6056414327,18201698719564.0,0.006321734245744892,30.538837877796663
CHN,China,2023,18270356654533.2,5.41600334492955,12951.1782397043,18316765021690.2,-0.002533655211607755,30.536301007448845
CHN,China,2024,18729668435848.0,4.95830378788091,13293.1162269366,18270356654533.2,0.025139727154742664,30.56112992992396
CHN,China,2025,19498039388042.6,4.95994886240992,13861.970224368,18729668435848.0,0.04102426878651855,30.6013350322404
FRA,France,1976,368363152144.223,4.33755647481964,6792.3099035538,,,26.632335115001055
FRA,France,1977,406401711687.617,3.55415568976466,7458.76424117602,368363152144.223,0.10326374753276357,26.73060794503158
FRA,France,1978,501724418604.651,3.94936216342872,9166.59011961391,406401711687.617,0.23455291691857916,26.941316838977624
FRA,France,1979,608218624730.188,3.69531078677157,11062.5731730373,501724418604.651,0.2122563745685504,27.133800234427465
FRA,France,1980,694529183483.39,1.67641337198611,12565.1639377144,608218624730.188,0.14190712885763768,27.26650001911237
FRA,France,1981,609184791792.396,1.18831474293866,10955.9002996167,694529183483.39,-0.12288092958592733,27.13538749342796
FRA,France,1982,578152310609.841,2.44251268690125,10359.8920663549,609184791792.396,-0.05094099787233464,27.083103184071106
FRA,France,1983,553356312935.709,1.26205761797051,9862.28449386586,578152310609.841,-0.04288834831080568,27.039267958168452
FRA,France,1984,525033325827.516,1.60947146551595,9311.89426452129,553356312935.709,-0.05118399563914189,26.986727575290104
FRA,France,1985,547220981165.134,1.56907436604108,9657.01938533723,525033325827.516,0.042259518103251015,27.028118545292227
FRA,France,1986,764946585850.933,2.38953554470334,13430.4824599685,547220981165.134,0.3978751038058175,27.363071845918167
FRA,France,1987,926320855614.973,2.55274621143047,16175.7090467566,764946585850.933,0.21096148770247258,27.55448650792106
FRA,France,1988,1010827662151.75,4.81422400170246,17549.6440487161,926320855614.973,0.09122843993475027,27.641790578678542
FRA,France,1989,1016742237302.08,4.40516927190527,17547.2645422514,1010827662151.75,0.00585122011574124,27.64762474688983
FRA,France,1990,1257649439826.53,2.82962715326478,21586.4674617483,1016742237302.08,0.23694029193052502,27.860265570687787
FRA,France,1991,1258961748633.88,1.23666248297356,21500.7778366233,1257649439826.53,0.0010434615289383053,27.86130848818916
FRA,France,1992,1389663073110.28,1.5160611169627,23615.0168565483,1258961748633.88,0.10381675584522432,27.960082440243266
FRA,France,1993,1314383368079.69,-0.35899781051468,22238.8250618434,1389663073110.28,-0.054171191914960004,27.90438874996775
FRA,France,1994,1385822778827.98,2.38366086110145,23359.8985104774,1314383368079.69,0.054352034941421046,27.95731514331733
FRA,France,1995,1595219345511.89,2.30479278392259,26791.8151982369,1385822778827.98,0.15109909425864765,28.098032363407363
FRA,France,1996,1598889216566.23,1.39707987198881,26757.6351494145,1595219345511.89,0.0023005432228897504,28.10033026443224
FRA,France,1997,1449392222971.45,2.5270616339357,24169.4008102822,1598889216566.23,-0.093500532773521,28.002165427918946
FRA,France,1998,1496906382032.47,3.45259434279616,24869.4030795939,1449392222971.45,0.0327821264030308,28.034421682358058
FRA,France,1999,1486915879701.93,3.39930808809441,24576.3152254528,1496906382032.47,-0.006674099630048391,28.027725211330225
FRA,France,2000,1360959069477.49,4.14099996402915,22340.5939516217,1486915879701.93,-0.08471011167739328,27.939210765286347
FRA,France,2001,1370376677298.86,1.89946701186636,22331.7948343036,1360959069477.49,0.006919831780823449,27.946106764911075
FRA,France,2002,1492427756382.43,1.06775027069419,24144.5727019529,1370376677298.86,0.08906389104938928,28.031425276607752
FRA,France,2003,1835095983049.09,0.967827182558352,29479.5222101175,1492427756382.43,0.22960456558196873,28.238117902905866
FRA,France,2004,2109792297237.03,2.86825052501032,33644.9282220364,1835095983049.09,0.14969043402924376,28.37761062124283
FRA,France,2005,2192146403028.17,1.88856584109286,34696.3718316971,2109792297237.03,0.03903422431629422,28.415902272486615
FRA,France,2006,2317861544690.82,2.71406448755236,36431.5658906555,2192146403028.17,0.057347967950037715,28.47166612855778
FRA,France,2007,2655816911866.56,2.53048188351066,41486.1907828787,2317861544690.82,0.14580481217691554,28.607773411381512
FRA,France,2008,2926802941585.86,0.380171435849121,45464.8181385158,2655816911866.56,0.1020349062875896,28.704931797007667
FRA,France,2009,2700075882518.98,-2.82455153714783,41728.0884164132,2926802941585.86,-0.07746577531592547,28.62430099318056
FRA,France,2010,2646230027988.34,2.00032476039051,40694.8211697025,2700075882518.98,-0.019942348612960403,28.604157112078706
FRA,France,2011,2870408553990.28,2.43757653729007,43929.7840873812,2646230027988.34,0.08471619006317455,28.685475488875525
FRA,France,2012,2683007095787.23,0.183835264973013,40863.5814412333,2870408553990.28,-0.06528738145743573,28.617959332089832
FRA,France,2013,2816077607875.26,0.781756446231,42669.1795111893,2683007095787.23,0.04959752521600591,28.66636611345938
FRA,France,2014,2861236112552.42,0.997832947295251,43148.0459288416,2816077607875.26,0.01603595886380149,28.682274854571848
FRA,France,2015,2442483452642.5,1.06675474783462,36702.4323733379,2861236112552.42,-0.14635375880823887,28.52403644607786
FRA,France,2016,2470407619777.13,0.860031075424033,37024.2157133669,2442483452642.5,0.011432694499698304,28.53540428120262
FRA,France,2017,2588868323334.71,2.08361485997399,38687.1626407164,2470407619777.13,0.047951885595409305,28.58224195535614
FRA,France,2018,2781576320884.39,1.64590872395887,41418.1766484844,2588868323334.71,0.0744371568892519,28.65403890483578
FRA,France,2019,2722793515171.76,2.02744646419237,40408.2848574751,2781576320884.39,-0.021132911317687908,28.632679496841067
FRA,France,2020,2647926055110.05,-7.44064589948231,39169.8606000707,2722793515171.76,-0.02749656176443005,28.60479782880602
FRA,France,2021,2966433692008.09,6.88233783360239,43725.0999521245,2647926055110.05,0.12028569917327347,28.71838157013104
FRA,France,2022,2794788137066.94,2.71676264185913,40988.6396406579,2966433692008.09,-0.05786259622238732,28.65877741897098
FRA,France,2023,3056250648138.29,1.43921494437743,44700.1384177544,2794788137066.94,0.09355360701714877,28.748210002239357
FRA,France,2024,3160442622465.08,1.19046798275883,46103.0840855884,3056250648138.29,0.03409143631274425,28.78173320411877
FRA,France,2025,3366315927447.33,0.840949955479587,48985.7307807924,3160442622465.08,0.06514065577994033,28.844840065714404
DEU,Germany,1976,521658712132.981,4.94925843456397,6659.16546576017,,,26.980279402828913
DEU,Germany,1977,602698323085.993,3.34721808033223,7711.10232025365,521658712132.981,0.1553498658570347,27.124682615095374
DEU,Germany,1978,743182891918.208,3.00849288842491,9516.78283228907,602698323085.993,0.2330926824433368,27.334208004695363
DEU,Germany,1979,884574218333.155,4.15036333786591,11322.3543443813,743182891918.208,0.19025105119145835,27.50837225695609
DEU,Germany,1980,953772499462.019,1.40882864441943,12182.7800196802,884574218333.155,0.0782277842771153,27.583691009790567
DEU,Germany,1981,803404797057.551,0.529240541969116,10246.4767623188,953772499462.019,-0.15765573288104218,27.412124529799186
DEU,Germany,1982,779421633755.138,-0.394840735634787,9950.05926025365,803404797057.551,-0.029851904532124718,27.3818179864008
DEU,Germany,1983,773507930294.906,1.57241014192158,9900.48559233526,779421633755.138,-0.007587297047094488,27.374201759389077
DEU,Germany,1984,727767760978.627,2.82294783585535,9347.29068412377,773507930294.906,-0.0591334200010597,27.313247824603952
DEU,Germany,1985,735218723093.277,2.32793520067574,9464.11694710857,727767760978.627,0.010238104123533542,27.32343387433021
DEU,Germany,1986,1050092624515.9,2.28733925852798,13511.1520027486,735218723093.277,0.42827241952960304,27.679899490032035
DEU,Germany,1987,1302932318824.81,1.4021515883601,16738.6132825523,1050092624515.9,0.24077846887599175,27.895638470147222
DEU,Germany,1988,1406367016371.53,3.70723567991882,17996.9783507619,1302932318824.81,0.079386086331801,27.972030911079223
DEU,Germany,1989,1404092925205.45,3.89655170553733,17829.4609524705,1406367016371.53,-0.0016169969429085107,27.970412605385736
DEU,Germany,1990,1778162195860.07,5.25500610110028,22385.6778250275,1404092925205.45,0.2664134716011659,28.206601472627945
DEU,Germany,1991,1875792575132.59,5.10826150190911,23443.3350818536,1778162195860.07,0.05490521590202735,28.26005239277298
DEU,Germany,1992,2141377582968.07,2.01361340926105,26559.8543879632,1875792575132.59,0.14158548837240548,28.392470468215706
DEU,Germany,1993,2078954217437.6,-0.973033082340891,25616.6508772405,2141377582968.07,-0.02915103157283816,28.362886103127412
DEU,Germany,1994,2215282632276.73,2.59685569693275,27201.9593555204,2078954217437.6,0.06557547717773238,28.42640111050756
DEU,Germany,1995,2593053091306.13,1.50499384201356,31747.2449398447,2215282632276.73,0.1705292379063843,28.58385709713321
DEU,Germany,1996,2506576553158.31,1.0378755674358,30599.7891048363,2593053091306.13,-0.033349312606731574,28.549939015038078
DEU,Germany,1997,2218790886532.82,1.85432238398302,27046.9565464237,2506576553158.31,-0.11481223913264393,28.427983517733452
DEU,Germany,1998,2247760364565.97,2.09561231172233,27395.9440608051,2218790886532.82,0.013056425555460605,28.44095544288551
DEU,Germany,1999,2213873468586.88,2.12957016297766,26965.4922773722,2247760364565.97,-0.015075849059930202,28.425764797988737
DEU,Germany,2000,1966980701145.1,2.8765231247659,23925.8559901991,2213873468586.88,-0.11152072191342166,28.307520843973204
DEU,Germany,2001,1966381496641.73,1.63614170690956,23878.3641471651,1966980701145.1,-0.00030463161281724105,28.307216165950752
DEU,Germany,2002,2102350798305.89,-0.228255715793637,25486.5942008748,1966381496641.73,0.06914695947677196,28.374077262330573
DEU,Germany,2003,2534715518349.01,-0.529801394291297,30711.1022511331,2102350798305.89,0.20565774293782302,28.561102525115807
DEU,Germany,2004,2852317768061.78,1.16208684507278,34566.7359143735,2534715518349.01,0.12530094498322275,28.679153031650422
DEU,Germany,2005,2893393187361.87,0.885485292551564,35084.4363546269,2852317768061.78,0.014400716413866421,28.693451042594948
DEU,Germany,2006,3046308753670.58,3.86668241523209,36980.3349948954,2893393187361.87,0.05284990888090624,28.744951728912167
DEU,Germany,2007,3484056680854.91,2.8891174138025,42350.9217211489,3046308753670.58,0.1436978200771264,28.879218443688565
DEU,Germany,2008,3808197720125.0,0.887902330743628,46379.1647953479,3484056680854.91,0.09303552409214899,28.968177153811485
DEU,Germany,2009,3478545516683.59,-5.54455451920674,42471.8868625226,3808197720125.0,-0.0865638361420451,28.877635367371425
DEU,Germany,2010,3467093769666.67,4.13463778522758,42396.9665976293,3478545516683.59,-0.0032921078542729187,28.874337828607388
DEU,Germany,2011,3823575803793.78,3.75796884489337,47630.9761883572,3467093769666.67,0.10281868844908182,28.972207174994274
DEU,Germany,2012,3596483233406.25,0.463512036709204,44718.0159214069,3823575803793.78,-0.05939272085627456,28.91097760432338
DEU,Germany,2013,3807023797050.99,0.396995583779145,47206.8353514242,3596483233406.25,0.05854067709509003,28.967868844176458
DEU,Germany,2014,3964870735760.77,2.18018602168017,48959.5991203133,3807023797050.99,0.041462031004915634,29.008494369162555
DEU,Germany,2015,3425099578746.09,1.66300602334775,41929.7549110722,3964870735760.77,-0.1361383997077802,28.862151661306545
DEU,Germany,2016,3536787895179.0,2.22222216259371,42948.9381932694,3425099578746.09,0.03260877935519724,28.89424005691781
DEU,Germany,2017,3765351626105.89,2.797906720551,45553.9341495339,3536787895179.0,0.06462466444155313,28.95686236620753
DEU,Germany,2018,4055433215301.96,1.13569604599849,48916.1686612154,3765351626105.89,0.07703970784159431,29.03107863263584
DEU,Germany,2019,3959894794039.21,0.977734697038784,47656.199739747,4055433215301.96,-0.023558129598155952,29.00723857368021
DEU,Germany,2020,3941398957073.94,-4.13191443239947,47394.8734504469,3959894794039.21,-0.004670789989954183,29.002556841464838
DEU,Germany,2021,4355251953410.78,3.90999994204108,52349.2459994422,3941398957073.94,0.10500154915656656,29.102403578385214
DEU,Germany,2022,4201021706478.62,1.8092581243061,50506.5179638543,4355251953410.78,-0.035412474084622225,29.066348875081406
DEU,Germany,2023,4562207532490.28,-0.869647578573321,54776.7668235491,4201021706478.62,0.08597571049315356,29.148827730314622
DEU,Germany,2024,4685592577804.69,-0.495851897260366,56103.7323182554,4562207532490.28,0.027045031256405894,29.175513507676996
DEU,Germany,2025,5050922925047.05,0.239578342117881,60496.4350820414,4685592577804.69,0.07796886758206467,29.25059209995277
IND,India,1976,102716451979.68,1.66310363661279,164.119999587322,,,25.355238135595258
IND,India,1977,121486641441.309,7.25476458583569,189.585568552477,102716451979.68,0.1827379071206845,25.52307014669729
IND,India,1978,137302319828.995,5.71253208900188,209.389063573463,121486641441.309,0.13018450588517294,25.645451045637287
IND,India,1979,152995442497.709,-5.2381827027895,227.958179873426,137302319828.995,0.11429612178628323,25.753673970298514
IND,India,1980,186328579302.068,6.7358215279985,271.080945953678,152995442497.709,0.21787012907170822,25.950777507523316
IND,India,1981,193491368445.573,6.00620362381767,274.964330768528,186328579302.068,0.038441709641831245,25.988498740904884
IND,India,1982,200715624830.902,3.47573324031237,278.65038258267,193491368445.573,0.03733632380279084,26.02515494139207
IND,India,1983,218262146413.158,7.28889290124586,295.999773299382,200715624830.902,0.08741980898118173,26.10896268378605
IND,India,1984,212157645177.652,3.8207378559735,281.049867840717,218262146413.158,-0.02796866674237919,26.080595444606537
IND,India,1985,232511554840.372,5.25429922330889,300.928258576378,212157645177.652,0.09593766769835921,26.172205758977064
IND,India,1986,248985994040.59,4.77656417048946,314.897116402542,232511554840.372,0.07085428167872476,26.24066248299612
IND,India,1987,279033584092.223,3.96535563390576,344.941028293075,248985994040.59,0.12067984051638914,26.35459798461392
IND,India,1988,296589670895.932,9.62778291984834,358.484539641693,279033584092.223,0.0629174687370484,26.415615441013266
IND,India,1989,296042052944.66,5.94734332826503,349.915155021864,296589670895.932,-0.0018463824098047255,26.413767351938365
IND,India,1990,320979026420.035,5.53345456306495,371.085936203765,296042052944.66,0.08423456474285618,26.494641619686448
IND,India,1991,270105341879.226,1.05683143296179,305.574055928592,320979026420.035,-0.1584953543794334,26.322077874962318
IND,India,1992,288208070278.013,5.48239602167003,319.182472626315,270105341879.226,0.06702099363470349,26.386948522472352
IND,India,1993,279295648982.529,4.7507762195799,302.884806246174,288208070278.013,-0.030923566043403516,26.355536731482353
IND,India,1994,327274843459.429,6.65892406747307,347.73421473994,279295648982.529,0.17178640144122448,26.51406615469737
IND,India,1995,360281909643.489,7.57449184027195,375.17600537305,327274843459.429,0.10085427231485866,26.610152644290586
IND,India,1996,392896866204.516,7.54952224888829,401.046754673579,360281909643.489,0.09052621208014733,26.69681298741517
IND,India,1997,415867563592.829,4.04982084902483,416.228116203753,392896866204.516,0.05846495445539124,26.7536326897734
IND,India,1998,421351317224.941,6.18441582080355,413.630864056851,415867563592.829,0.013186298024149501,26.766732805361244
IND,India,1999,458821052615.79,8.84575556114116,441.927991436397,421351317224.941,0.08892753827762578,26.851926107408236
IND,India,2000,468395521654.458,3.84099115686554,442.750218937263,458821052615.79,0.020867545166210144,26.872578907681607
IND,India,2001,485440139204.171,4.82396626397303,450.357900514128,468395521654.458,0.03638936915858704,26.908321819865293
IND,India,2002,514939140318.756,3.80397532120038,469.149928973927,485440139204.171,0.060767535958080376,26.967314556488695
IND,India,2003,607700687237.318,7.86038147545045,544.143133545002,514939140318.756,0.1801407965631454,27.13294830696962
IND,India,2004,709152728830.775,7.92293661307978,624.258826510066,607700687237.318,0.16694409554590184,27.287336754710047
IND,India,2005,820383763511.445,7.92343062131789,710.488080408949,709152728830.775,0.15685060517790506,27.43303807200711
IND,India,2006,940259888787.721,8.06073257305057,801.668353659022,820383763511.445,0.1461220109515291,27.569422151431365
IND,India,2007,1216736438834.96,7.66081506510766,1021.88707706826,940259888787.721,0.2940426932427169,27.8271933401982
IND,India,2008,1198895139005.92,3.08669805950082,992.519584923828,1216736438834.96,-0.014663241158556328,27.812421531106732
IND,India,2009,1341888016994.9,7.8618888330338,1094.94974598436,1198895139005.92,0.11927054613595689,27.9250987061341
IND,India,2010,1675615519484.96,8.49758470165625,1347.51939071367,1341888016994.9,0.2486999647239032,28.147201688022804
IND,India,2011,1823051829894.55,5.24131620024293,1445.46127486037,1675615519484.96,0.08798934403216085,28.231533042320507
IND,India,2012,1827637590410.41,5.45638755164772,1429.32199520032,1823051829894.55,0.002515430686425013,28.234045314606547
IND,India,2013,1856721507621.58,6.38610640091713,1432.84397512195,1827637590410.41,0.015913394079752452,28.249833418082037
IND,India,2014,2039126479154.52,7.41022760516977,1553.88396075118,1856721507621.58,0.09824035041560797,28.343542635589493
IND,India,2015,2103588360044.94,7.99625378567987,1583.99815907985,2039126479154.52,0.03161249758138962,28.37466574529629
IND,India,2016,2294796885663.16,8.25630550176662,1707.50892912243,2103588360044.94,0.09089636035737292,28.46166545254542
IND,India,2017,2651474262755.45,6.79538341902422,1950.10468280866,2294796885663.16,0.15542873503125576,28.606136926803075
IND,India,2018,2702929641648.74,6.45385134495295,1966.25455171679,2651474262755.45,0.019406327874296192,28.625357353157383
IND,India,2019,2835606256558.19,3.87143694070524,2041.42863698585,2702929641648.74,0.04908622587324141,28.673276877356702
IND,India,2020,2674851578587.27,-5.77772470687303,1907.04251637669,2835606256558.19,-0.05669146680683412,28.614915010096915
IND,India,2021,3167270623260.47,9.68959249191741,2239.61384367482,2674851578587.27,0.18409210014309374,28.783891330816473
IND,India,2022,3249938492013.47,7.6093649776932,2279.98145719369,3167270623260.47,0.026100664763498926,28.809657186556787
IND,India,2023,3500906030644.76,7.210224629335,2434.44826340989,3249938492013.47,0.07722224258952193,28.884042916822423
IND,India,2024,3760813470500.86,7.09927893176518,2591.9916607122,3500906030644.76,0.0742400503129852,28.955656398467845
IND,India,2025,3956067115771.63,7.56666179284244,2702.47987141553,3760813470500.86,0.05191792860834621,29.006271495109214
JPN,Japan,1976,611495350303.909,3.97498409113672,5422.25981204974,,,27.13917318828988
JPN,Japan,1977,752590681821.906,4.39033795009327,6609.09338399173,611495350303.909,0.23073819195497314,27.346787333713536
JPN,Japan,1978,1057419758047.0,5.27194150317187,9201.91586719521,752590681821.906,0.4050396631102977,27.686852866072527
JPN,Japan,1979,1100608979757.23,5.4840418324284,9497.01423554433,1057419758047.0,0.040843970789800954,27.726884760504106
JPN,Japan,1980,1153159955513.08,2.81759120738283,9872.35315959728,1100608979757.23,0.04774718062671246,27.773527077439933
JPN,Japan,1981,1271443597066.78,4.20933646523171,10805.9900652449,1153159955513.08,0.10257349033688179,27.87117406145919
JPN,Japan,1982,1183132285328.17,3.31245673740017,9985.92408278337,1271443597066.78,-0.06945751423212498,27.799186516590495
JPN,Japan,1983,1297622008229.49,3.52304498510377,10876.3275267125,1183132285328.17,0.09676831941879072,27.891554480883126
JPN,Japan,1984,1374165212365.14,4.50199481622435,11443.4617086944,1297622008229.49,0.05898728878688453,27.948867544396254
JPN,Japan,1985,1457070301468.38,5.23338094687848,12058.1469373485,1374165212365.14,0.06033123845461641,28.007448892813805
JPN,Japan,1986,2164729071349.48,3.32652561623384,17819.3400779496,1457070301468.38,0.48567235854573965,28.403316329298026
JPN,Japan,1987,2635094473494.08,4.73066586040017,21586.9260294922,2164729071349.48,0.21728603748614916,28.599940150597597
JPN,Japan,1988,3191546727316.14,6.78502010955764,26036.864097278,2635094473494.08,0.2111697547922129,28.79152678271226
JPN,Japan,1989,3174934735895.64,4.85803768615389,25798.0054757546,3191546727316.14,-0.005204997087562502,28.78630819243851
JPN,Japan,1990,3252994239867.4,4.89271306574565,26344.7273187725,3174934735895.64,0.024586175926460285,28.81059699270421
JPN,Japan,1991,3724887648862.31,3.41749676183089,30048.1401766828,3252994239867.4,0.1450643235735165,28.94605780592596
JPN,Japan,1992,4064529567505.43,0.848069581218368,32666.5024513195,3724887648862.31,0.0911817887304216,29.033319124680432
JPN,Japan,1993,4632480515091.13,-0.517919847117952,37110.6114371751,4064529567505.43,0.13973350129527407,29.164113588964568
JPN,Japan,1994,5104063486348.4,0.99306636322622,40774.4450809919,4632480515091.13,0.10179923471259178,29.261058100441563
JPN,Japan,1995,5639649753985.77,2.34205546196849,44947.4763611465,5104063486348.4,0.10493330834733472,29.360843079153074
JPN,Japan,1996,5021441618840.38,3.07546731409349,39929.7185750327,5639649753985.77,-0.10961817880773128,29.244738183473125
JPN,Japan,1997,4579780793431.57,1.36297109407448,36331.0311480645,5021441618840.38,-0.08795498562637949,29.15267225121307
JPN,Japan,1998,4150359076370.48,-1.77264091037956,32835.1192750829,4579780793431.57,-0.09376468796868553,29.054215970854756
JPN,Japan,1999,4688983449627.24,-0.347600398675738,37028.7168989208,4150359076370.48,0.12977777665632528,29.176236926413058
JPN,Japan,2000,5042381838343.44,2.97832688768516,39752.937397755,4688983449627.24,0.0753678046665518,29.248899673350678
JPN,Japan,2001,4438792748062.4,0.284608556379041,34910.166403687,5042381838343.44,-0.11970316997638075,29.121403551810648
JPN,Japan,2002,4245946980572.3,0.0849888050363319,33315.9165174962,4438792748062.4,-0.04344554441616599,29.076985992219804
JPN,Japan,2003,4573413206709.02,1.38010935830795,35808.6816792388,4245946980572.3,0.07712442657316965,29.151280914429503
JPN,Japan,2004,4941485123806.53,2.11294823723127,38677.5708064787,4573413206709.02,0.08048079201712266,29.228687034297028
JPN,Japan,2005,4875648486366.14,1.8482813374834,38158.6758263963,4941485123806.53,-0.013323249142896398,29.21527423437594
JPN,Japan,2006,4648058930707.24,1.54630843078741,36354.4271646349,4875648486366.14,-0.04667882770780385,29.167470814121373
JPN,Japan,2007,4624670179654.96,1.72837912865577,36129.9535132925,4648058930707.24,-0.005031939439873123,29.162426171843045
JPN,Japan,2008,5160197175876.43,-1.16662209355141,40294.2081309702,4624670179654.96,0.11579787864167757,29.271995907071098
JPN,Japan,2009,5336765697589.29,-5.9359411383964,41678.1783063195,5160197175876.43,0.034217398230111495,29.305640910796942
JPN,Japan,2010,5811578109447.07,4.13645589222239,45378.1378109399,5336765697589.29,0.0889700689075148,29.390873269436636
JPN,Japan,2011,6279422550218.7,-0.20035785332982,49122.077634247,5811578109447.07,0.08050213418126839,29.46829914157882
JPN,Japan,2012,6333803928787.76,1.64893452981225,49626.6830327571,6279422550218.7,0.008660251501495964,29.47692210821187
JPN,Japan,2013,5272297037396.96,1.99727653399265,41369.1948479498,6333803928787.76,-0.16759389828380178,29.293487253991685
JPN,Japan,2014,4985763289560.81,0.905915486065865,39172.8471161948,5272297037396.96,-0.054347041868797685,29.23760762488505
JPN,Japan,2015,4534438580494.94,1.79997735783475,35664.6446110613,4985763289560.81,-0.0905226908808231,29.142722394807894
JPN,Japan,2016,5110357383254.44,0.704986495111257,40214.9688631562,4534438580494.94,0.12700994677419097,29.26229045571318
JPN,Japan,2017,5038231631660.71,1.62345062245441,39679.8635262948,5110357383254.44,-0.014113641411865108,29.248076269709706
JPN,Japan,2018,5154293721629.56,0.834143845965585,40645.478086519,5038231631660.71,0.023036275116750327,29.270851215597684
JPN,Japan,2019,5245755000479.03,-0.308496921143259,41424.8655601543,5154293721629.56,0.017744677309649903,29.28844029412463
JPN,Japan,2020,5189197543645.38,-4.28327942675573,41098.9739004553,5245755000479.03,-0.010781566586408609,29.277600185284136
JPN,Japan,2021,5225933520753.1,3.56419531474475,41580.739040705,5189197543645.38,0.007079317524287809,29.284654562079833
JPN,Japan,2022,4447976207314.78,1.33164750653741,35548.2645222433,5225933520753.1,-0.14886475504307783,29.123470323787608
JPN,Japan,2023,4384854269961.93,0.720785304749811,35215.003535366,4447976207314.78,-0.0141911589475332,29.109177507440332
JPN,Japan,2024,4190008188358.57,-0.240084236041696,33797.1014287876,4384854269961.93,-0.04443615901630682,29.063723804122873
JPN,Japan,2025,4435162999976.94,1.19311288444599,35951.0449549304,4190008188358.57,0.05850938723688026,29.120585484109853
GBR,United Kingdom,1976,232614555256.065,2.80465599545295,4138.16778761535,,,26.172648651410498
GBR,United Kingdom,1977,263066457352.172,2.36335094409922,4681.43993173038,232614555256.065,0.13091142152555824,26.29567252675553
GBR,United Kingdom,1978,335883029721.956,3.40337382855367,5976.93816899991,263066457352.172,0.2767991522092954,26.54002881047224
GBR,United Kingdom,1979,438994070309.191,2.74677219709527,7804.76208051155,335883029721.956,0.3069849663812736,26.807751742662
GBR,United Kingdom,1980,564947710899.373,-2.17910220206564,10032.062080015,438994070309.191,0.28691421845737186,27.05999901672935
GBR,United Kingdom,1981,540765675241.158,-1.3234581733779,9599.30622221965,564947710899.373,-0.04280402449939702,27.016251889322742
GBR,United Kingdom,1982,515048916841.37,2.09306886432368,9146.07735701852,540765675241.158,-0.0475561959222347,26.967527717257436
GBR,United Kingdom,1983,489618008185.539,3.62434641923983,8691.51881306514,515048916841.37,-0.04937571524621509,26.91689134889282
GBR,United Kingdom,1984,461487097632.349,2.67092491032817,8179.19444064991,489618008185.539,-0.057454811879651846,26.8577199330388
GBR,United Kingdom,1985,489285164271.047,3.59938143817158,8652.21654247593,461487097632.349,0.060235847938794995,26.916211314469223
GBR,United Kingdom,1986,601452653180.885,4.01232987098167,10611.112210096,489285164271.047,0.2292476802907948,27.122613654684244
GBR,United Kingdom,1987,745162608269.325,4.56208082572655,13118.586534629,601452653180.885,0.23893810149212125,27.336868297642706
GBR,United Kingdom,1988,910122732123.799,5.0321018040183,15987.1680775688,745162608269.325,0.22137466644710146,27.536845297828815
GBR,United Kingdom,1989,926884816753.927,2.28144671930745,16239.2821960944,910122732123.799,0.018417389258054584,27.555095141020743
GBR,United Kingdom,1990,1093169389204.55,0.779266119883417,19095.4669984608,926884816753.927,0.17940154962616983,27.720102289514752
GBR,United Kingdom,1991,1142797178130.51,-1.29243974751705,19900.7266505069,1093169389204.55,0.04539807775085247,27.764500038040715
GBR,United Kingdom,1992,1179659529659.53,1.29472849604493,20487.1707852878,1142797178130.51,0.032256250045456625,27.796246978585284
GBR,United Kingdom,1993,1061388722255.55,3.49048744653493,18389.0195675099,1179659529659.53,-0.10025842578334021,27.69059928193568
GBR,United Kingdom,1994,1140489745944.29,4.95341092800692,19709.2380983653,1061388722255.55,0.07452596963781843,27.762478887788077
GBR,United Kingdom,1995,1349094208616.06,3.53339096338078,23252.6157127423,1140489745944.29,0.18290779326477158,27.930454526606088
GBR,United Kingdom,1996,1425287051482.06,2.61491606949487,24503.3829602903,1349094208616.06,0.05647703650300362,27.985394348999456
GBR,United Kingdom,1997,1569317288801.57,4.8799853038024,26910.1381529902,1425287051482.06,0.1010534945713164,28.08166179281791
GBR,United Kingdom,1998,1660821464060.95,3.24631482881618,28396.3523548013,1569317288801.57,0.05830826940628331,28.138333453763266
GBR,United Kingdom,1999,1693458987218.9,2.94445869854798,28858.0065333126,1660821464060.95,0.019651433862220458,28.157794291148303
GBR,United Kingdom,2000,1671597821152.97,4.52438074810904,28383.8761094996,1693458987218.9,-0.012909179514191682,28.144801064069316
GBR,United Kingdom,2001,1656171009068.66,2.39102229602824,28013.8729635508,1671597821152.97,-0.00922878212037248,28.135529432905823
GBR,United Kingdom,2002,1790536570743.41,1.70902736258567,30158.7017807858,1656171009068.66,0.0811302461756711,28.21353645105395
GBR,United Kingdom,2003,2061227755102.04,3.21851612669614,34556.7726095905,1790536570743.41,0.1511788079515417,28.35432291881634
GBR,United Kingdom,2004,2429774807762.72,2.32601853325993,40504.4118103928,2061227755102.04,0.1787997720040575,28.518819697284133
GBR,United Kingdom,2005,2551361818181.82,2.7906547174688,42240.2462987547,2429774807762.72,0.050040444089983094,28.567648378892695
GBR,United Kingdom,2006,2719558417663.29,2.18982132415704,44695.161023424,2551361818181.82,0.06592424417534493,28.631490636609524
GBR,United Kingdom,2007,3104699879951.98,2.93091133582351,50629.0799172887,2719558417663.29,0.1416191172019805,28.763938169622104
GBR,United Kingdom,2008,2945251838235.29,-0.0494116727402769,47652.4030691881,3104699879951.98,-0.051356990331431374,28.711215443208015
GBR,United Kingdom,2009,2429358155475.93,-4.58740819226323,39009.3715547821,2945251838235.29,-0.1751611444773662,28.518648204842595
GBR,United Kingdom,2010,2496740681057.14,2.26054460931586,39778.3220528565,2429358155475.93,0.027736760604575972,28.54600726963339
GBR,United Kingdom,2011,2675590034128.66,0.851437739020326,42295.9273835322,2496740681057.14,0.0716331313173435,28.6151910454598
GBR,United Kingdom,2012,2719715961539.83,1.52826034721852,42688.3263728372,2675590034128.66,0.016492036092345508,28.631548564879214
GBR,United Kingdom,2013,2796908333283.39,1.71846961308464,43607.6636827371,2719715961539.83,0.028382512304651053,28.65953575638407
GBR,United Kingdom,2014,3085362169410.29,3.16017351468152,47746.9810645521,2796908333283.39,0.10313310332493941,28.757690163286927
GBR,United Kingdom,2015,2945579890258.46,2.14040560033371,45256.040227057,3085362169410.29,-0.04530498251962001,28.71132682035767
GBR,United Kingdom,2016,2706807606538.73,2.20652020635357,41258.5374285695,2945579890258.46,-0.08106121463871718,28.626791051459662
GBR,United Kingdom,2017,2699118387873.1,3.02322219840339,40918.0520870944,2706807606538.73,-0.0028406964156061365,28.623946312608624
GBR,United Kingdom,2018,2897028009916.05,1.55133095078786,43704.3162296687,2699118387873.1,0.07332380192441357,28.694706503262754
GBR,United Kingdom,2019,2875710080015.3,1.25629899760824,43160.6843971799,2897028009916.05,-0.0073585515320466754,28.687320744035397
GBR,United Kingdom,2020,2724001478304.59,-10.047896637362,40815.1255364787,2875710080015.3,-0.052755179586776335,28.63312304691192
GBR,United Kingdom,2021,3194559188925.93,8.5431118453255,47695.6491523474,2724001478304.59,0.1727450276253939,28.792470225202177
GBR,United Kingdom,2022,3181244350465.41,5.14970388522993,47034.7795621476,3194559188925.93,-0.004167973630501698,28.78829354135853
GBR,United Kingdom,2023,3420796653789.08,0.271650048355255,49919.6896621586,3181244350465.41,0.07530144714869946,28.86089457958123
GBR,United Kingdom,2024,3695539513534.15,1.08027716858781,53341.3131094262,3420796653789.08,0.08031546085639096,28.93814767145194
GBR,United Kingdom,2025,4002587541846.01,1.38844207858726,57601.9621201954,3695539513534.15,0.08308611697625201,29.01796215336973
USA,United States,1976,1873412000000.0,5.38803390614694,8592.25353727612,,,28.258782483166925
USA,United States,1977,2081826000000.0,4.62418650079432,9452.57651914511,1873412000000.0,0.11124835327199789,28.364266509141835
USA,United States,1978,2351599000000.0,5.53520648057204,10564.9482220275,2081826000000.0,0.12958479719246463,28.486116638232033
USA,United States,1979,2627333000000.0,3.16598822512103,11674.1818666548,2351599000000.0,0.1172538345185552,28.59699037916189
USA,United States,1980,2857307000000.0,-0.256775739391401,12574.7915062163,2627333000000.0,0.08753134832927545,28.680900688777037
USA,United States,1981,3207041000000.0,2.53770127042986,13976.10539252,2857307000000.0,0.12239986812757597,28.796369821091677
USA,United States,1982,3343789000000.0,-1.80301377321203,14433.787727053,3207041000000.0,0.042639928831592844,28.83812571107411
USA,United States,1983,3634038000000.0,4.58379096944093,15543.8937174925,3343789000000.0,0.0868024268277694,28.921365542644775
USA,United States,1984,4037613000000.0,7.2364531665454,17121.2254849995,3634038000000.0,0.1110541496814288,29.026674791701776
USA,United States,1985,4338979000000.0,4.16957535422245,18236.8277265009,4037613000000.0,0.07463964476040674,29.098660182908205
USA,United States,1986,4579631000000.0,3.46265504522061,19071.2271949295,4338979000000.0,0.055462817404739795,29.152639543123303
USA,United States,1987,4855215000000.0,3.45462966441372,20038.9410992658,4579631000000.0,0.06017602728254734,29.211074500934366
USA,United States,1988,5236438000000.0,4.17698239478443,21417.0119305191,4855215000000.0,0.07851825305367521,29.28666261212007
USA,United States,1989,5641580000000.0,3.67223784138015,22857.1544330056,5236438000000.0,0.0773697692973736,29.361185284050087
USA,United States,1990,5963144000000.0,1.88596557755378,23888.6000088133,5641580000000.0,0.05699892583283406,29.416618974696267
USA,United States,1991,6158129000000.0,-0.108312873733027,24342.2589048189,5963144000000.0,0.032698355095902354,29.4487941135713
USA,United States,1992,6520327000000.0,3.52249717254271,25418.9907763319,6158129000000.0,0.05881624110180228,29.505945643983704
USA,United States,1993,6858559000000.0,2.75179586314481,26387.2937338171,6520327000000.0,0.05187347198997849,29.556518477291966
USA,United States,1994,7287236000000.0,4.02902272637739,27694.853416234,6858559000000.0,0.06250248776747425,29.61714544053387
USA,United States,1995,7639749000000.0,2.68443073970295,28690.8757013347,7287236000000.0,0.048374033721427345,29.66438586516415
USA,United States,1996,8073122000000.0,3.77277269047364,29967.7127181749,7639749000000.0,0.056726078304405014,29.719561388329307
USA,United States,1997,8577552000000.0,4.44712793442667,31459.1299691554,8073122000000.0,0.062482643022117035,29.780169674033125
USA,United States,1998,9062817000000.0,4.48313335499124,32853.6725949234,8577552000000.0,0.056573833653238204,29.835201114807923
USA,United States,1999,9631172000000.0,4.78842504836746,34515.3813073394,9062817000000.0,0.06271284083083661,29.896026037344793
USA,United States,2000,10250952000000.0,4.07758575997799,36329.9702595751,9631172000000.0,0.06435146210658482,29.958391695248846
USA,United States,2001,10581929000000.0,0.955538337599847,37133.6203973517,10250952000000.0,0.032287440229941566,29.99016885088127
USA,United States,2002,10929108000000.0,1.70044733078285,37997.7424300242,10581929000000.0,0.03280866843842922,30.022450804539673
USA,United States,2003,11456450000000.0,2.79560596378604,39490.3023903176,10929108000000.0,0.048251147303146835,30.06957400610163
USA,United States,2004,12217196000000.0,3.84777169267127,41724.6411982614,11456450000000.0,0.0664032924684348,30.133865583440247
USA,United States,2005,13039197000000.0,3.48354993710312,44123.3996470026,12217196000000.0,0.06728229619955339,30.198981090776343
USA,United States,2006,13815583000000.0,2.78453963674239,46301.9876485519,13039197000000.0,0.059542470291690464,30.256818273920207
USA,United States,2007,14474228000000.0,2.0038583039496,48050.227412195,13815583000000.0,0.047674064858500786,30.303390804632002
USA,United States,2008,14769862000000.0,0.113587247501258,48570.0594269601,14474228000000.0,0.020424854437832485,30.323609869164816
USA,United States,2009,14478067000000.0,-2.5765002366652,47194.9500893872,14769862000000.0,-0.019756108757143398,30.3036559994998
USA,United States,2010,15048971000000.0,2.69519258673525,48642.6312088213,14478067000000.0,0.03943233582217842,30.342330732692933
USA,United States,2011,15599732000000.0,1.56440685205419,50024.8812320773,15048971000000.0,0.036597917558615745,30.378274850549293
USA,United States,2012,16253970000000.0,2.28911339009767,51708.3940614082,15599732000000.0,0.04193905382477081,30.419358302558337
USA,United States,2013,16880683000000.0,2.11783009443471,53297.3862901595,16253970000000.0,0.038557533944014954,30.457191066363098
USA,United States,2014,17608138000000.0,2.52381981757846,55153.3940182967,16880683000000.0,0.04309393168511022,30.499382297468657
USA,United States,2015,18295019000000.0,2.94555045227337,56849.4697923159,17608138000000.0,0.03900929218069504,30.5376499529343
USA,United States,2016,18804913000000.0,1.81945147909089,57976.628204291,18295019000000.0,0.027870646103182573,30.565139281411003
USA,United States,2017,19612102000000.0,2.45762230126449,60047.7190728307,18804913000000.0,0.04292436769050734,30.60716794060142
USA,United States,2018,20656516000000.0,2.96650506701943,62875.6661382728,19612102000000.0,0.05325354722303599,30.65905193035599
USA,United States,2019,21539982000000.0,2.58382533052225,65227.9565911038,20656516000000.0,0.0427693614934872,30.700931952001845
USA,United States,2020,21375281000000.0,-2.081375977796,64465.2971415748,21539982000000.0,-0.007646292369232199,30.693256276863792
USA,United States,2021,23725645000000.0,6.15202247867526,71441.2319805947,21375281000000.0,0.10995710418964788,30.79757764656711
USA,United States,2022,26054614000000.0,2.52421385073222,78008.6895811877,23725645000000.0,0.09816251570821355,30.891215989365172
USA,United States,2023,27811517000000.0,2.93436322440155,82586.7847707894,26054614000000.0,0.06743154974393395,30.956471331410174
USA,United States,2024,29298013000000.0,2.79318715363841,86169.6641581917,27811517000000.0,0.05344893628060632,31.008540813952322
USA,United States,2025,30769700000000.0,2.16138195623856,90026.5163005744,29298013000000.0,0.05023163174922485,31.057551555458712
